FrozenLifeLondinion,0001CA06,Frozen Plains
DesertRockyLife06,00024FC4,Rocky Desert
VolcanicWornNoLife07,0002E850,Volcanic
HillsLifeTauGourmet,00037935,Hills
HillsLife14,000414BB,Hills
HillsNoLifeVenus,0004E650,Hills
DesertRockyNoLifeVenus,0004E681,Rocky Desert
OceanLife09,0007D721,Ocean
OceanLife08,0007D722,Ocean
OceanLife07,0007D723,Ocean
OceanLife06,0007D724,Ocean
OceanNoLife01,0007D725,Ocean
VolcanicWornNoLife06,0007E2C5,Volcanic
VolcanicWornLife06,0007E2C6,Volcanic
ForestDeciduousLife26,0007EF0F,Deciduous Forest
OceanLife02,0007F887,Ocean
OceanLife03,0007F888,Ocean
OceanLife05,0007F889,Ocean
OceanLife04,0007F88A,Ocean
OceanLife01,0007F88B,Ocean
VolcanicWornNoLife05,0007FFFE,Volcanic
VolcanicWornLife05,0007FFFF,Volcanic
VolcanicWornLife04,00080000,Volcanic
VolcanicWornNoLife04,00080231,Volcanic
VolcanicWornNoLife03,00080232,Volcanic
VolcanicWornNoLife02,00080233,Volcanic
FrozenNoLifeMars,00084E12,Frozen Hills
VolcanicRoughNoLife10,0008A8A4,Volcanic
VolcanicRoughNoLife09,0008A8A5,Volcanic
VolcanicRoughNoLife08,0008A8A6,Volcanic
VolcanicRoughNoLife07,0008A8A7,Volcanic
HillsLife13,0008AE77,Hills
VolcanicRoughLife10,0008AE7A,Volcanic
VolcanicRoughLife09,0008AE7B,Volcanic
FrozenLife12,0008DFF9,Frozen Crevasses
VolcanicRoughLife05,0008DFFA,Volcanic
VolcanicRoughLife06,0008DFFB,Volcanic
VolcanicRoughLife07,0008DFFC,Volcanic
VolcanicRoughLife08,0008DFFD,Volcanic
OceanNoLifeMethaneFrozen,00094239,Ocean
OceanNoLifeMethaneLiquid,0009423A,Ocean
OceanNoLifeSulfur,0009423B,Ocean
VolcanicRoughLife04,00095091,Volcanic
DesertSandyLife11,00095092,Sandy Desert
VolcanicRoughNoLife06,00095093,Volcanic
VolcanicRoughNoLife05,00095094,Volcanic
VolcanicRoughNoLife04,00095095,Volcanic
VolcanicRoughNoLife03,00095096,Volcanic
VolcanicRoughNoLife02,00095097,Volcanic
OceanNoLifeNitrogen,000A108C,Ocean
FrozenLife11,000A86D9,Frozen Volcanic
MountainsLife05,000A86DA,Mountains
FrozenNoLife04,000A86DB,Frozen Dunes
CrateredNoLife03,000A86DC,Craters
DesertRockyNoLife01,000A86DD,Rocky Desert
VolcanicRoughLife02,000AA382,Volcanic
SavannaLife16,000AF3CA,Savanna
SavannaLife15,000AF3CB,Savanna
SavannaLife13,000B2630,Savanna
SavannaLife14,000B2635,Savanna
FrozenLifeNiira,000B2D7C,Frozen Plains
HillsLifeNiira,000B2D7D,Hills
WetlandsLifeNiira,000B2D7E,Wetlands
CrateredNoLife13,000C5714,Craters
FrozenNoLife11,000C5715,Frozen Craters
CrateredNoLife12,000C5716,Craters
CrateredNoLife11,000C5717,Craters
CrateredNoLife10,000C5718,Craters
CrateredNoLife09,000C5719,Craters
CrateredNoLife08,000C571A,Craters
CrateredNoLife07,000C571B,Craters
ArchipelagoLifeErvinsCamp,000D0A64,Swamp
MountainsLife12,000D1B7B,Mountains
MountainsLife11,000D1B7C,Mountains
MountainsNoLife10,000D1B7D,Mountains
MountainsNoLife09,000D1B7E,Mountains
MountainsNoLife12,000D1B7F,Mountains
MountainsNoLife11,000D1B80,Mountains
MountainsNoLife08,000D1B81,Mountains
MountainsNoLife07,000D1B82,Mountains
MountainsNoLife06,000D3A1D,Mountains
MountainsNoLife05,000D3A1E,Mountains
FrozenLifeKreet,000D9BAC,Frozen Volcanic
MountainsLife10,000D9BAD,Mountains
MountainsLife09,000D9BAE,Mountains
MountainsLife08,000D9BAF,Mountains
MountainsLife07,000D9BB0,Mountains
MountainsLife06,000D9BB1,Mountains
DesertRockyLife11,000E37D7,Rocky Desert
DesertRockyLife10,000E37D8,Rocky Desert
DesertRockyLife09,000E37D9,Rocky Desert
DesertRockyLife08,000E37DA,Rocky Desert
DesertRockyLife07,000E37DB,Rocky Desert
DesertRockyNoLife10,000E66AE,Rocky Desert
DesertRockyNoLife09,000E66AF,Rocky Desert
DesertRockyNoLife08,000E66B0,Rocky Desert
DesertRockyNoLife07,000E66B1,Rocky Desert
CanyonsNoLife09,000E869D,Plateau
DesertSandyNoLifeEarth,000F1169,Sandy Desert
ArchipelagoNoLife04,000F1F0B,Swamp
ArchipelagoNoLife09,000F1F0C,Swamp
ArchipelagoLife05,000F1F0D,Swamp
ArchipelagoNoLife05,000F1F0E,Swamp
ArchipelagoNoLife10,000F1F0F,Swamp
ArchipelagoNoLife08,000F1F10,Swamp
ArchipelagoNoLife07,000F1F11,Swamp
ArchipelagoNoLife06,000F1F12,Swamp
ArchipelagoLife10,000F1F13,Swamp
ArchipelagoLife09,000F1F14,Swamp
ArchipelagoLife08,000F1F15,Swamp
ArchipelagoLife07,000F1F16,Swamp
ArchipelagoLife06,000F1F17,Swamp
FrozenNoLifeTitan,000F3D3A,Frozen Plains
FrozenNoLife08,000FC617,Frozen Hills
FrozenNoLife07,000FC618,Frozen Plains
FrozenNoLife06,000FC619,Frozen Volcanic
FrozenNoLife05,000FC61A,Frozen Plains
FrozenNoLife10,000FC61B,Frozen Mountains
FrozenNoLife09,000FC61C,Frozen Plains
FrozenNoLifeVectera,000FC61D,Frozen Dunes
FrozenNoLife03,000FC61E,Frozen Mountains
FrozenNoLife02,000FC61F,Frozen Hills
FrozenNoLife01,000FC620,Frozen Plains
FrozenLife10,000FD00A,Frozen Plains
FrozenLife09,000FD00B,Frozen Plains
FrozenLife08,000FD00C,Frozen Mountains
FrozenLife07,000FD00D,Frozen Mountains
FrozenLife06,000FD00E,Frozen Hills
ArchipelagoLife02,000FD00F,Swamp
ArchipelagoLife03,000FD010,Swamp
ArchipelagoNoLife01,000FD011,Swamp
ArchipelagoLife01,000FD012,Swamp
ArchipelagoNoLife02,000FD013,Swamp
ArchipelagoNoLife03,000FD014,Swamp
ArchipelagoLife04,000FD015,Swamp
FrozenLife05,000FD6F5,Frozen Dunes
FrozenLife04,000FD6F6,Frozen Plains
FrozenLife03,000FD6F7,Frozen Plains
FrozenNoLifeMasadaIII,00100515,Frozen Mountains
DesertRockyLifeGagarin,00101646,Rocky Desert
HillsLife12,0010EC55,Hills
HillsLife11,0010EC56,Hills
HillsLife10,0010EC57,Hills
HillsLife09,0010EC58,Hills
CanyonsNoLife08,00110D5C,Plateau
ForestTropicalLifeFirstsHideout,00110FCA,Tropical Forest
ForestTropicalLifeParadiso,00110FCB,Tropical Forest
CanyonsLife10,00110FCC,Plateau
DesertRockyNoLife06,0011445C,Rocky Desert
HillsNoLife04,001160D5,Hills
HillsNoLife25,001160D6,Hills
HillsNoLife24,001160D7,Hills
HillsNoLife09,001160D8,Hills
HillsNoLife08,001160D9,Hills
HillsNoLife07,001160DA,Hills
HillsNoLife06,001160DB,Hills
HillsNoLife23,001160DC,Hills
HillsNoLife22,001160DD,Hills
HillsNoLife15,001160DE,Hills
HillsNoLife14,001160DF,Hills
HillsNoLife13,001160E0,Hills
HillsNoLife12,001160E1,Hills
HillsNoLife11,001160E2,Hills
HillsNoLife10,001160E3,Hills
HillsNoLife18,001160E4,Hills
HillsNoLife17,001160E5,Hills
HillsNoLife16,001160E6,Hills
HillsNoLife21,001160E7,Hills
HillsNoLife20,001160E8,Hills
HillsNoLife19,001160E9,Hills
HillsNoLife05,001160EA,Hills
HillsNoLife03,001160EB,Hills
ForestConiferousLife35,001160EC,Coniferous Forest
ForestConiferousLife34,001160ED,Coniferous Forest
ForestConiferousLife33,001160EE,Coniferous Forest
ForestConiferousLife32,001160EF,Coniferous Forest
ForestConiferousLife31,001160F0,Coniferous Forest
ForestConiferousLife30,001160F1,Coniferous Forest
ForestConiferousLife29,001160F2,Coniferous Forest
ForestConiferousLife28,001160F3,Coniferous Forest
ForestConiferousLife27,001160F4,Coniferous Forest
ForestConiferousLife26,001160F5,Coniferous Forest
ForestConiferousLife25,00116476,Coniferous Forest
ForestConiferousLife24,00116477,Coniferous Forest
ForestConiferousLife23,00116478,Coniferous Forest
ForestConiferousLife22,00116479,Coniferous Forest
ForestConiferousLife21,0011647A,Coniferous Forest
ForestConiferousLife20,0011647B,Coniferous Forest
ForestConiferousLife19,0011647C,Coniferous Forest
ForestConiferousLife18,0011647D,Coniferous Forest
ForestConiferousLife17,0011647E,Coniferous Forest
ForestConiferousLife16,00116482,Coniferous Forest
ForestConiferousLife15,00116483,Coniferous Forest
ForestConiferousLife14,00116484,Coniferous Forest
WetlandsLife08,001177C4,Wetlands
WetlandsLife09,001177C5,Wetlands
WetlandsLife07,001177C6,Wetlands
WetlandsLife10,001177C7,Wetlands
WetlandsLife05,0011B743,Wetlands
WetlandsLife06,0011B744,Wetlands
WetlandsLife04,0011B745,Wetlands
WetlandsLife03,0011B746,Wetlands
CanyonsNoLife07,0011BCD2,Plateau
CanyonsNoLife10,0011BCD3,Plateau
ForestDeciduousLife25,0011F922,Deciduous Forest
ForestDeciduousLife24,0011F923,Deciduous Forest
ForestDeciduousLife23,0011F924,Deciduous Forest
ForestDeciduousLife22,0011F925,Deciduous Forest
ForestDeciduousLife21,0011F926,Deciduous Forest
ForestDeciduousLife20,0011F927,Deciduous Forest
ForestDeciduousLife19,0011F928,Deciduous Forest
ForestDeciduousLife18,0011F929,Deciduous Forest
ForestDeciduousLife17,0011F92A,Deciduous Forest
ForestDeciduousLife16,0011F92B,Deciduous Forest
ForestDeciduousLife15,0011F97E,Deciduous Forest
ForestDeciduousLife14,0011F97F,Deciduous Forest
ForestDeciduousLife13,0011F980,Deciduous Forest
ForestDeciduousLife12,0011F981,Deciduous Forest
ForestDeciduousLife11,0011F982,Deciduous Forest
ForestDeciduousLife10,0011F983,Deciduous Forest
ForestDeciduousLife09,0011F984,Deciduous Forest
ForestDeciduousLife08,0011F985,Deciduous Forest
ForestDeciduousLife07,0011F986,Deciduous Forest
ForestDeciduousLife06,0011F987,Deciduous Forest
ForestDeciduousLife05,0011F988,Deciduous Forest
OceanLifeVoliiAlpha,00120C76,Ocean
ForestTropicalLife25,001217BB,Tropical Forest
ForestTropicalLife24,001217BC,Tropical Forest
ForestTropicalLife23,001217BD,Tropical Forest
ForestTropicalLife22,001217BE,Tropical Forest
FrozenLife02,00124044,Frozen Plains
WetlandsLife02,001297F1,Wetlands
WetlandsLife01,001297F2,Wetlands
ForestConiferousLife12,0012B463,Coniferous Forest
ForestConiferousLife11,0012B464,Coniferous Forest
CanyonsLife09,0012D955,Plateau
FrozenLife01,00134B6A,Frozen Plains
CanyonsNoLife06,00145440,Plateau
CanyonsLife08,00145442,Plateau
CanyonsLife07,0014544E,Plateau
CanyonsLife06,0014544F,Plateau
CanyonsLife03,0014805D,Plateau
CanyonsNoLife05,00148061,Plateau
CanyonsNoLife04,00148062,Plateau
CanyonsLife05,00148063,Plateau
CanyonsLife04,00148064,Plateau
DesertSandyNoLife10,0014C016,Sandy Desert
DesertSandyNoLife09,0014C017,Sandy Desert
DesertSandyNoLife08,0014C018,Sandy Desert
DesertSandyNoLife07,0014C019,Sandy Desert
DesertSandyNoLife06,0014C01A,Sandy Desert
DesertSandyLife10,0014C01B,Sandy Desert
DesertSandyLife09,0014C1C3,Sandy Desert
DesertSandyLife08,0014C1D4,Sandy Desert
DesertSandyLife07,0014C1D5,Sandy Desert
DesertSandyLife06,0014C1DD,Sandy Desert
ForestConiferousLife10,0017B858,Coniferous Forest
ForestConiferousLife09,0017B859,Coniferous Forest
ForestConiferousLife08,0017B85A,Coniferous Forest
ForestConiferousLife07,0017B85B,Coniferous Forest
ForestConiferousLife06,0017B85C,Coniferous Forest
ForestConiferousLife05,0017B85D,Coniferous Forest
Gas_Giant_Template,0017B861
CrateredLife06,001862BD,Craters
CrateredLife05,001862BE,Craters
CrateredNoLife06,001862BF,Craters
CrateredNoLife05,001862C0,Craters
CrateredLife04,00187463,Craters
CrateredLife03,00187464,Craters
HillsLife16,001886D0,Hills
HillsLife17,001886D2,Hills
HillsLife18,001886D3,Hills
SavannaLife07,0018A899,Savanna
SavannaLife11,0018A89A,Savanna
SavannaLife12,0018A89B,Savanna
SavannaLife10,0018A89C,Savanna
SavannaLife09,0018A89D,Savanna
SavannaLife08,0018A89E,Savanna
SavannaLife06,0018A89F,Savanna
SavannaLife05,0018A8A0,Savanna
ForestTropicalLife21,0018E3C8,Tropical Forest
ForestTropicalLife20,0018E65A,Tropical Forest
ForestTropicalLife19,0018F249,Tropical Forest
ForestTropicalLife18,0018FE1A,Tropical Forest
ForestTropicalLife17,00190131,Tropical Forest
ForestTropicalLife16,00190132,Tropical Forest
ForestTropicalLife15,00190133,Tropical Forest
ForestTropicalLife14,00190134,Tropical Forest
ForestTropicalLife13,00190135,Tropical Forest
ForestTropicalLife12,00190136,Tropical Forest
ForestTropicalLife11,00190137,Tropical Forest
ForestTropicalLife10,00190B97,Tropical Forest
ForestTropicalLife09,00190B98,Tropical Forest
ForestTropicalLife08,00190B99,Tropical Forest
ForestTropicalLife07,00190B9A,Tropical Forest
DesertSandyNoLife05,0019E808,Sandy Desert
DesertSandyLife05,0019E809,Sandy Desert
DesertSandyLife04,0019E82A,Sandy Desert
DesertSandyNoLife04,001A23C7,Sandy Desert
DesertSandyNoLife03,001A2F12,Sandy Desert
DesertSandyLife03,001A2F16,Sandy Desert
DesertRockyNoLife03,001A540B,Rocky Desert
DesertRockyNoLife05,001A540D,Rocky Desert
DesertRockyLife04,001A540E,Rocky Desert
DesertRockyLife05,001A540F,Rocky Desert
DesertRockyNoLife04,001A5410,Rocky Desert
FrozenLifeRedMile,001C068A,Frozen Plains
ForestDeciduousLifeJemison,001CBD6A,Deciduous Forest
DesertRockyNoLife02,001D1D92,Rocky Desert
CrateredNoLifeLuna,001DDF39,Craters
MountainsNoLife14,001DFDD1,Mountains
MountainsNoLife13,001DFDFB,Mountains
VolcanicWornLife08,001DFDFC,Volcanic
VolcanicWornLife07,001DFDFD,Volcanic
VolcanicWornLife09,001DFDFE,Volcanic
VolcanicWornLife10,001DFDFF,Volcanic
VolcanicWornNoLife08,001DFE01,Volcanic
VolcanicWornNoLife09,001DFE02,Volcanic
VolcanicWornNoLife10,001DFE03,Volcanic
MountainsNoLife15,001DFE04,Mountains
MountainsLife13,001DFE05,Mountains
MountainsLife14,001DFE06,Mountains
MountainsLife15,001DFE07,Mountains
ForestConiferousLife13,00203E9F,Coniferous Forest
SavannaLifeAkila,00203EA1,Savanna
ForestTropicalLife06,0020D0F3,Tropical Forest
ForestTropicalLife05,0020E381,Tropical Forest
VolcanicRoughLifeExtreme,0021040C,Volcanic
CrateredLifeExtreme,0021040D,Craters
MountainsLifeExtreme,0021040E,Mountains
CanyonsNoLife03,00211529,Plateau
ForestTropicalLife04,00211C5F,Tropical Forest
HillsLife07,00212131,Hills
HillsLife06,00212132,Hills
HillsNoLife02,00212941,Hills
HillsLife08,00214810,Hills
CanyonsLife02,00214968,Plateau
HillsLife05,00214969,Hills
HillsLife04,00214F1A,Hills
HillsLife03,00215097,Hills
HillsLife02,00215098,Hills
CrateredLife02,00215CC1,Craters
CrateredNoLife04,00215CC2,Craters
CrateredLife01,00215CC3,Craters
CrateredNoLifeVectera,0021615C,Craters
CrateredNoLife02,00216D44,Craters
CanyonsNoLife02,00216D45,Plateau
ArchipelagoLifeMarcoGraziani,00236EA3,Swamp
MountainsLifeKreet,0023C0CE,Mountains
CanyonsNoLife01,0025D992,Plateau
CanyonsLife01,0025D993,Plateau
ForestTropicalLife03,0025F375,Tropical Forest
ForestTropicalLife02,0025F387,Tropical Forest
HillsNoLife01,0025F48B,Hills
HillsLife01,0025F48C,Hills
CrateredNoLife01,0025F490,Craters
ForestTropicalLife01,0025FC04,Tropical Forest
MountainsLife04,002636B9,Mountains
MountainsLife03,002636BA,Mountains
MountainsNoLife04,002636BB,Mountains
MountainsNoLife03,002636BC,Mountains
VolcanicWornLife03,00263FE4,Volcanic
VolcanicWornLife02,00263FE5,Volcanic
VolcanicWornLife01,00263FE6,Volcanic
VolcanicWornNoLife01,00263FE7,Volcanic
ForestDeciduousLife04,00263FE8,Deciduous Forest
MountainsNoLife02,0026893C,Mountains
MountainsNoLife01,0026893D,Mountains
MountainsLife02,0026B3F2,Mountains
MountainsLife01,0026BB6A,Mountains
VolcanicWornLifeExtreme,00285AF8,Volcanic
CanyonsLifeExtreme,00285AF9,Plateau
FrozenLifeExtreme,00285AFA,Frozen Hills
DesertRockyLifeExtreme,00285AFB,Rocky Desert
HillsLifeExtreme,00285AFC,Hills
DesertSandyLifeExtreme,00285AFD,Sandy Desert
FrozenNoLifeEarth,0028791F,Frozen Plains
ForestDeciduousLife02,0028ACD0,Deciduous Forest
ForestDeciduousLife03,0028ACD1,Deciduous Forest
ForestConiferousLife04,00294332,Coniferous Forest
ForestConiferousLife02,00294333,Coniferous Forest
ForestConiferousLife03,00294334,Coniferous Forest
ForestConiferousLife01,0029434E,Coniferous Forest
SavannaLife02,0029B450,Savanna
DesertRockyNoLifeMars,002A3777,Rocky Desert
DesertRockyLife01,002ACD5A,Rocky Desert
DesertSandyLife01,002ACD5B,Sandy Desert
SavannaLife03,002B6352,Savanna
SavannaLife04,002C17A5,Savanna
VolcanicRoughLife03,002C9984,Volcanic
VolcanicRoughLifeKreet,002C9985,Volcanic
VolcanicRoughLife01,002C9986,Volcanic
VolcanicRoughNoLife01,002C998A,Volcanic
SavannaLife01,002C998C,Savanna
DesertSandyNoLife02,002C998D,Sandy Desert
DesertRockyLife03,002C998E,Rocky Desert
ForestDeciduousLife01,002CE505,Deciduous Forest
DesertSandyLife02,002CE506,Sandy Desert
DesertSandyNoLife01,002CE507,Sandy Desert
DesertRockyLife02,002CE508,Rocky Desert
DesertRockyNoLifeVectera,002CE509,Rocky Desert
DesertSandyLife12,002DCDD4,Sandy Desert
ForestDeciduousLifePlayerHouse,002DEAC4,Deciduous Forest
ArchipelagoLife11,002E54C9,Swamp
WetlandsNoLife01,002E57E0,Wetlands
WetlandsNoLife02,002E57E1,Wetlands
WetlandsNoLife03,002E57E2,Wetlands
WetlandsNoLife04,002E57E3,Wetlands
WetlandsNoLife05,002E57E4,Wetlands Frozen
WetlandsNoLife06,002E57E5,Wetlands
DesertSandyNoLife11,00336CC7,Sandy Desert
HillsLife15,0034980C,Hills
HillsLife19,003D673C,Hills
HillsLife20,003D673D,Hills
HillsLife21,003D673E,Hills
HillsLife22,003D673F,Hills
HillsLife23,003D6740,Hills
HillsLife24,003D6741,Hills
HillsLife25,003D6742,Hills
SavannaLifeMontaraLuna,003E3ADD,Savanna
SavannaLife17,003E3ADE,Savanna
SavannaLife18,003E3ADF,Savanna
SavannaLife19,003E3AE0,Savanna
SavannaLife20,003E3AE1,Savanna
WetlandsLife11,003E5E43,Wetlands
CrateredLife09,003EA2FA,Craters
CrateredLife10,003EA2FB,Craters
CrateredLife07,003EA2FC,Craters
CrateredLife08,003EA2FD,Craters
WetlandsLife12,003FA120,Wetlands
WetlandsLife13,003FA121,Wetlands
